filename,x1,y1,x2,y2,x3,y3,x4,y4,x5,y5,x6,y6,x7,y7,x8,y8,x9,y9,x10,y10,x11,y11,x12,y12,x13,y13,x14,y14,x15,y15,x16,y16,x17,y17
06274Q-2-A.png,1515,1398,1940,1494,2076,1464,2236,1392,2326,1301,2269,1135,2153,995,1958,839,1766,725,1387,910,1191,1046,1444,1220,941,847,933,803,882,886,492,748,733,903
06274Q-3-A.png,1647,1373,2108,1353,2294,1269,2426,1163,2490,1057,2385,925,2177,817,1903,732,1616,704,1453,967,1273,1153,1586,1244,977,1070,954,1030,956,1116,528,1130,800,1188
10m19cp-A.png,1899,1226,2284,1110,2469,959,2547,840,2568,730,2411,640,2156,585,1917,555,1748,548,1553,848,1442,1108,1809,1128,1105,1059,1073,1016,1085,1117,591,1223,905,1239
11m19cp-A.png,1619,1385,2070,1352,2233,1268,2377,1152,2425,1052,2330,928,2142,810,1913,696,1737,628,1309,914,1173,1129,1540,1264,871,981,863,942,837,1034,306,996,658,1123
1208QR-10-A.png,1738,1234,2150,1211,2297,1134,2406,1043,2459,946,2354,838,2184,739,1964,658,1758,613,1431,858,1340,1022,1613,1107,1021,930,1008,898,1004,970,665,975,902,1038
1208QR-7A.png,1484,1419,1871,1549,2054,1537,2180,1488,2269,1411,2214,1254,2092,1115,1927,974,1733,846,1388,971,1223,1096,1427,1264,981,887,964,843,949,916,636,792,831,944
1208QR-8A.png,1471,1442,1866,1718,2029,1740,2161,1739,2286,1696,2287,1515,2220,1336,2087,1118,1939,925,1572,969,1317,1000,1488,1276,1153,710,1176,675,1092,725,809,467,961,686
1209QR-1-A.png,1680,1376,2094,1361,2279,1270,2400,1170,2463,1071,2361,924,2175,816,1938,720,1737,657,1484,937,1339,1134,1580,1227,972,1014,950,972,955,1064,548,1053,795,1126
1235QR-21A.png,1584,875,1813,507,1856,306,1858,136,1812,36,1649,57,1482,145,1271,289,1085,470,1171,797,1215,1032,1448,854,966,1210,926,1205,988,1257,755,1570,968,1397
12m19cp-A.png,1765,1292,2217,1265,2427,1132,2499,1042,2534,933,2438,801,2245,678,2044,577,1837,512,1506,819,1350,1062,1719,1173,942,937,926,893,915,992,446,1013,768,1092
13m19cp-A.png,1616,1645,2032,1855,2234,1856,2365,1818,2450,1752,2445,1567,2346,1356,2201,1145,2070,981,1533,1010,1321,1170,1575,1465,1137,881,1143,839,1078,936,617,648,874,925
140317Q1-A.png,1383,1446,2054,1791,2284,1771,2422,1715,2506,1645,2473,1435,2346,1210,2109,920,1900,716,1436,837,1206,1030,1437,1328,928,676,926,622,894,716,440,432,711,737
140317Q2-A.png,1872,1096,2369,656,2458,407,2454,245,2404,128,2199,95,1940,142,1649,257,1370,398,1367,846,1520,1075,1858,971,1047,1244,1001,1227,1067,1290,691,1580,1013,1454
140517Q1-A.png,2006,966,2405,622,2503,413,2521,250,2484,137,2305,97,2037,140,1766,218,1525,317,1517,728,1660,937,1940,873,1170,1116,1133,1093,1183,1160,794,1457,1101,1339
140517Q2-A.png,1409,1446,2031,1724,2281,1705,2433,1645,2516,1559,2463,1373,2329,1156,2073,863,1889,693,1416,813,1170,1002,1456,1313,794,624,781,570,766,660,303,416,577,678
1408X-1A.png,1879,1185,2295,878,2434,645,2481,482,2473,358,2314,292,2079,285,1774,323,1457,409,1319,892,1318,1184,1669,1110,943,1242,901,1211,963,1313,530,1572,838,1494
14233-1-A.png,1650,1377,1987,1377,2163,1305,2265,1220,2319,1124,2266,985,2135,867,1928,749,1718,657,1373,882,1163,1065,1524,1213,782,892,770,856,768,923,556,921,793,1037
14233-2-A.png,1775,1465,2058,1479,2244,1419,2349,1338,2404,1245,2362,1120,2236,992,2056,874,1853,785,1482,986,1293,1159,1597,1292,934,969,929,935,911,999,713,986,932,1108
14234Q-5-A.png,1573,1327,2070,1452,2231,1414,2378,1346,2459,1257,2396,1117,2261,972,2043,827,1792,711,1460,888,1291,1022,1549,1188,1029,838,1021,806,1001,880,666,777,881,914
14236-2-A.png,,,,,,,,,,,,,,,,,,,,,,,,,,,,,,,,,,
14236-4-A.png,,,,,,,,,,,,,,,,,,,,,,,,,,,,,,,,,,
14236-5-A.png,,,,,,,,,,,,,,,,,,,,,,,,,,,,,,,,,,
14237-1-A.png,,,,,,,,,,,,,,,,,,,,,,,,,,,,,,,,,,
1423QR-2-A.png,1490,1284,1874,1427,2075,1424,2213,1390,2310,1327,2266,1158,2144,1002,1986,863,1825,755,1506,882,1334,1016,1501,1165,1098,812,1092,768,1062,857,678,705,858,840
1423QR-3-A.png,1629,1350,1894,1409,2082,1384,2214,1320,2275,1256,2235,1130,2120,1006,1937,872,1744,771,1466,908,1295,1036,1528,1185,1004,825,1002,794,990,851,797,800,962,930
1423QR-5-A.png,1630,1338,2084,1346,2281,1261,2398,1159,2447,1068,2355,923,2193,806,1963,709,1711,644,1422,906,1247,1074,1546,1191,964,961,950,914,950,1014,543,990,790,1074
1423QR-6-A.png,1829,1080,2241,827,2351,652,2404,493,2396,375,2238,318,2026,302,1795,326,1530,394,1366,827,1323,1064,1655,1009,1036,1096,1001,1070,1037,1153,634,1369,948,1291
1423QR-7-A.png,1527,1588,1982,1825,2203,1834,2333,1801,2442,1732,2437,1580,2344,1396,2155,1169,1953,980,1551,1097,1290,1179,1514,1424,1088,934,1092,890,1046,970,666,759,891,981
1423QR-8-A.png,1359,1347,1754,1517,1963,1514,2107,1477,2195,1415,2142,1254,2028,1103,1868,941,1648,781,1350,907,1151,1007,1354,1209,903,762,899,723,870,797,516,606,731,804
1423QR-9-A.png,1691,1356,2152,1344,2356,1253,2490,1151,2551,1054,2435,925,2263,802,2056,710,1756,641,1448,914,1295,1100,1612,1208,947,972,929,928,920,1019,497,981,791,1088
14m19cp-A.png,1778,1395,2195,1373,2380,1278,2507,1156,2554,1035,2464,913,2239,777,2020,680,1817,614,1496,912,1396,1162,1699,1273,1045,1003,1045,967,993,1069,518,1065,870,1168
151212M1-A.png,,,,,,,,,,,,,,,,,,,,,,,,,,,,,,,,,,
15m19cp-A.png,1592,1367,2024,1353,2211,1253,2322,1144,2371,1026,2281,886,2114,748,1896,625,1707,551,1362,842,1159,1084,1524,1235,860,927,851,881,822,980,339,959,644,1074
16195-1A.png,1950,987,2433,629,2515,440,2540,300,2528,145,2358,62,2104,41,1823,44,1580,80,1300,635,1234,1016,1667,935,843,1035,802,991,839,1118,354,1388,767,1300
16195-2A.png,1077,1467,1509,1812,1708,1861,1871,1862,1993,1834,2003,1627,1936,1391,1836,1140,1677,875,1190,859,926,918,1060,1199,738,551,760,504,683,581,333,244,494,509
16m19cp-A.png,1828,1373,2295,1288,2466,1151,2554,1019,2579,911,2467,783,2257,678,2021,595,1811,547,1505,888,1372,1158,1730,1247,1022,1045,994,998,995,1102,473,1144,814,1227
18m19cp-A.png,1727,1399,2194,1394,2382,1304,2517,1189,2556,1103,2462,967,2288,834,2032,690,1826,596,1454,861,1228,1091,1623,1251,913,909,885,862,864,966,379,910,742,1062
19468-1-A.png,1552,1593,1974,1798,2182,1796,2313,1753,2378,1698,2352,1542,2273,1376,2125,1177,1924,985,1539,1076,1285,1169,1547,1442,1164,962,1169,915,1110,1008,639,693,881,945
19468-2-A.png,1910,1028,2368,653,2440,476,2460,338,2444,236,2298,186,2093,181,1783,251,1493,372,1501,722,1437,1050,1804,935,1108,1101,1068,1072,1128,1171,597,1487,966,1366
1946QR-1-A.png,1707,1400,2028,1485,2225,1460,2348,1400,2432,1322,2387,1165,2264,1021,2102,885,1903,758,1539,878,1343,1016,1557,1185,1027,759,1027,726,1003,784,792,717,992,888
1946QR-2-A.png,,,,,,,,,,,,,,,,,,,,,,,,,,,,,,,,,,
1946QR-3-A.png,1713,1186,2029,1068,2161,936,2241,799,2259,686,2136,601,1985,563,1754,555,1534,580,1391,889,1368,1089,1591,1093,1039,1090,1020,1063,1037,1130,769,1224,989,1216
1946QR-4-A.png,1628,1424,1942,1515,2145,1502,2272,1446,2338,1372,2300,1238,2183,1119,2010,953,1819,822,1481,931,1231,1022,1496,1226,965,785,966,750,939,813,743,739,899,888
1946QR-5-A.png,1510,1364,1828,1487,2010,1484,2144,1440,2218,1387,2190,1251,2074,1092,1946,965,1738,828,1421,921,1280,1041,1418,1182,1025,810,1033,782,998,831,743,715,911,864
1946QR-6-A.png,1520,1651,1947,1850,2186,1845,2324,1796,2406,1731,2416,1587,2327,1357,2179,1122,2111,1020,1472,961,1218,1128,1470,1439,973,786,997,741,913,818,523,561,759,843
19m19cp-A.png,1692,1392,2090,1346,2321,1229,2441,1114,2469,1006,2346,882,2147,772,1879,672,1689,613,1354,918,1252,1175,1587,1270,912,1049,893,996,895,1108,425,1132,691,1204
1m19cp-A.png,1956,1116,2326,910,2452,745,2516,603,2516,502,2360,440,2119,416,1883,421,1702,442,1467,842,1444,1095,1783,1061,1113,1107,1085,1074,1115,1162,639,1355,972,1316
21m19cp-A.png,1754,1394,2169,1418,2366,1334,2495,1230,2545,1128,2467,989,2267,835,2066,711,1904,628,1496,879,1316,1094,1624,1250,1045,916,1029,872,1002,968,530,893,826,1031
230980-1A.png,1933,932,2309,669,2455,431,2484,289,2485,158,2297,83,2049,58,1764,89,1494,169,1411,601,1387,912,1710,859,981,978,926,945,992,1052,546,1303,899,1216
230980-3A.png,1650,1437,2068,1591,2324,1575,2447,1529,2555,1463,2521,1273,2429,1089,2263,882,2053,694,1554,818,1317,950,1530,1189,1052,656,1048,599,989,695,597,486,802,699
23m19cp-A.png,1734,1345,2172,1344,2354,1254,2476,1154,2521,1053,2420,917,2204,788,2000,694,1796,624,1539,885,1380,1112,1709,1239,1086,970,1080,929,1057,1028,560,1005,857,1102
240810M-1A.png,1919,909,2130,601,2202,387,2211,212,2177,109,2019,102,1812,192,1632,297,1429,455,1398,846,1477,1080,1739,915,1064,1342,1025,1322,1079,1370,917,1537,1146,1413
240810M-2A.png,,,,,,,,,,,,,,,,,,,,,,,,,,,,,,,,,,
24m19cp-A.png,1712,1213,2084,1245,2275,1174,2380,1094,2432,999,2373,866,2182,711,1989,595,1832,511,1499,727,1318,929,1633,1086,1034,758,1036,717,1003,809,548,733,829,864
252931-A.png,,,,,,,,,,,,,,,,,,,,,,,,,,,,,,,,,,
25m19cp-A.png,1707,1463,2153,1504,2332,1443,2446,1356,2502,1277,2442,1144,2283,989,2068,834,1915,741,1477,948,1269,1139,1604,1315,978,954,974,925,929,1008,405,936,751,1078
260709-1A.png,1409,1534,1890,1836,2106,1861,2265,1838,2357,1787,2367,1629,2284,1434,2112,1189,1924,963,1488,1019,1226,1078,1407,1343,1091,846,1104,790,1045,871,663,574,847,831
260709-2A.png,1325,1527,2023,1844,2267,1842,2463,1779,2558,1702,2524,1512,2391,1268,2165,1008,1901,751,1246,815,885,937,1341,1343,747,682,751,634,654,737,123,417,403,698
260709-3A.png,,,,,,,,,,,,,,,,,,,,,,,,,,,,,,,,,,
26m19cp-A.png,1590,1466,1981,1623,2199,1622,2347,1578,2445,1508,2394,1337,2248,1138,2086,963,1933,828,1484,921,1216,1043,1539,1319,1025,822,1039,767,975,860,487,621,761,841
27m19cp-A.png,1582,1441,2013,1608,2222,1596,2368,1548,2450,1482,2410,1325,2267,1114,2109,937,1963,796,1510,894,1263,1029,1550,1300,1054,787,1053,737,1002,809,530,570,825,816
28m19cp-A.png,1658,1223,2098,1212,2317,1101,2416,999,2458,909,2376,780,2183,639,1968,531,1757,447,1293,736,1198,973,1543,1100,853,834,835,788,827,880,343,875,692,978
2m19cp-A.png,1515,1303,1968,1241,2120,1134,2226,1022,2267,913,2161,798,1950,688,1727,603,1547,557,1164,857,1026,1099,1408,1195,696,992,688,950,669,1049,236,1081,486,1152
30m19cp-A.png,1720,1388,2173,1370,2364,1265,2460,1168,2505,1065,2423,932,2202,791,2002,690,1849,618,1417,898,1309,1130,1653,1264,1020,988,995,937,981,1037,471,1005,755,1114
31m19cp-A.png,1675,1342,2099,1382,2289,1309,2387,1229,2432,1140,2366,1011,2192,863,1983,744,1843,682,1507,913,1379,1118,1665,1256,1093,972,1088,924,1066,1012,592,969,885,1078
32m19cp-A.png,1565,1532,1982,1715,2213,1709,2352,1663,2436,1596,2403,1434,2288,1243,2130,1047,1935,861,1508,973,1261,1113,1544,1392,1072,881,1095,830,1024,914,551,686,805,913
33m19cp-A.png,1619,1390,2027,1443,2217,1385,2339,1302,2396,1216,2334,1069,2159,915,1986,791,1826,693,1458,884,1226,1078,1538,1255,960,888,948,843,924,929,447,817,747,983
34m19cp-A.png,1746,1356,2202,1388,2398,1300,2502,1224,2558,1125,2485,1002,2289,848,2117,735,1932,653,1506,882,1346,1083,1669,1239,1111,933,1104,880,1058,976,541,896,852,1028
35m19cp-A.png,1622,1283,2037,1286,2210,1215,2328,1130,2372,1054,2289,920,2102,788,1923,701,1756,633,1389,851,1248,1049,1542,1172,1023,928,1006,878,999,972,645,977,802,1042
36m19cp-A.png,1615,1537,2057,1701,2248,1680,2385,1624,2476,1531,2434,1373,2295,1181,2119,981,2007,868,1574,993,1338,1139,1616,1403,1154,922,1157,860,1117,974,618,721,870,940
38m19cp-A.png,1779,1357,2192,1405,2397,1344,2492,1271,2551,1188,2482,1026,2305,869,2114,738,1987,665,1594,855,1421,1052,1698,1216,1164,862,1157,813,1127,911,655,802,951,959
39m19cp-A.png,1728,1493,2174,1569,2387,1508,2500,1436,2572,1335,2502,1187,2348,1015,2156,843,1997,724,1543,915,1336,1122,1644,1332,1080,900,1083,853,1018,948,502,789,797,967
3m19cp-A.png,1742,1341,2182,1190,2362,1010,2418,892,2429,773,2310,682,2069,629,1849,610,1612,607,1391,953,1278,1222,1691,1240,927,1168,915,1130,902,1232,426,1331,754,1364
40m19cp-A.png,1678,1324,2101,1328,2329,1211,2406,1127,2455,1022,2364,879,2155,729,1965,615,1792,534,1425,804,1237,1043,1567,1191,925,885,903,841,885,934,411,903,701,1015
42m19cp-A.png,1825,1170,2221,1165,2404,1082,2508,992,2552,911,2457,775,2262,652,2080,561,1899,499,1564,733,1403,935,1729,1052,1136,813,1129,763,1105,858,608,849,902,923
43m19cp-A.png,1788,1403,2202,1378,2379,1290,2488,1192,2522,1086,2421,950,2223,822,2018,719,1838,657,1385,943,1306,1174,1674,1291,968,1030,947,990,943,1091,426,1075,728,1180
46m19cp-A.png,1705,1443,2129,1497,2337,1438,2430,1376,2494,1287,2422,1149,2256,996,2079,868,1917,779,1487,976,1340,1158,1675,1324,1047,995,1038,951,1009,1039,527,949,838,1081
4905-1A.png,1433,1464,1775,1489,1949,1437,2064,1344,2112,1268,2060,1157,1932,1056,1723,952,1523,895,1272,1087,1142,1237,1341,1333,896,1112,885,1079,867,1142,587,1107,807,1198
4905-2A.png,1453,1042,1724,821,1800,664,1825,523,1810,426,1692,385,1513,396,1297,446,1107,528,1041,849,1051,1066,1284,1001,701,1152,674,1131,719,1195,458,1357,703,1295
4m19cp-A.png,1766,1250,2228,1240,2402,1152,2507,1055,2550,954,2456,827,2265,700,2050,601,1877,541,1570,792,1392,1021,1721,1146,1077,870,1071,833,1044,919,511,882,819,998
50918Q-1A.png,,,,,,,,,,,,,,,,,,,,,,,,,,,,,,,,,,
5918-2a.png,,,,,,,,,,,,,,,,,,,,,,,,,,,,,,,,,,
5918-3A.png,,,,,,,,,,,,,,,,,,,,,,,,,,,,,,,,,,
5m19cp-A.png,1745,1264,2180,1253,2374,1151,2468,1053,2519,954,2419,822,2201,684,2000,591,1830,531,1513,804,1397,1031,1713,1155,1070,895,1059,856,1044,945,562,939,882,1034
6264-1-A.png,1812,1243,2103,1110,2251,962,2321,816,2325,707,2212,613,2027,555,1794,526,1547,535,1336,874,1208,1149,1541,1152,815,1117,793,1089,804,1159,609,1245,875,1260
6264-2-A.png,1461,1359,1737,1407,1934,1361,2050,1291,2107,1211,2071,1069,1932,924,1783,814,1593,710,1227,856,1056,1018,1287,1166,757,805,749,774,738,831,541,793,727,930
6264-3-A.png,1468,1549,2056,1837,2277,1835,2443,1791,2550,1725,2510,1546,2397,1358,2189,1128,1937,921,1484,1006,1162,1097,1485,1404,1070,897,1067,845,977,947,442,601,703,847
6265Q-3-A.png,1499,1477,1997,1839,2211,1876,2389,1868,2510,1813,2499,1614,2406,1388,2241,1134,2057,916,1543,920,1264,1020,1558,1372,1123,729,1133,687,1027,750,614,429,836,685
6265Q-4-A.png,1508,1570,2040,1843,2263,1843,2439,1789,2532,1723,2499,1544,2380,1329,2203,1100,1982,882,1476,954,1170,1055,1496,1377,1002,779,1012,743,912,817,472,537,718,797
6265Q-5-A.png,1458,1520,1994,1835,2218,1846,2390,1814,2485,1749,2463,1561,2340,1333,2137,1067,1928,849,1453,919,1170,1028,1483,1372,1042,779,1058,734,966,814,495,487,734,744
6265Q-6-A.png,1508,1562,2005,1832,2226,1855,2421,1834,2525,1779,2502,1587,2380,1371,2163,1110,1991,935,1477,966,1135,1045,1467,1362,1012,805,1015,766,910,838,472,564,735,828
6265Q7-A.png,1972,955,2407,592,2505,375,2527,206,2502,87,2338,49,2111,75,1816,183,1567,301,1549,683,1446,1078,1894,863,1189,1117,1144,1098,1203,1212,755,1556,1092,1400
6m19cp-A.png,1680,1228,2075,1237,2276,1156,2384,1071,2430,979,2353,846,2160,694,1978,585,1792,503,1402,746,1243,954,1548,1092,971,803,959,765,938,858,486,821,776,937
6UA-109-2-A.png,,,,,,,,,,,,,,,,,,,,,,,,,,,,,,,,,,
702QR-4-A.png,1551,1610,2002,1845,2223,1861,2404,1837,2515,1773,2472,1577,2363,1385,2183,1168,2011,1000,1512,1041,1237,1155,1546,1448,1095,903,1103,870,1026,948,605,681,812,900
702QR-5-A.png,1499,1582,2030,1878,2213,1888,2389,1862,2493,1806,2462,1618,2350,1406,2170,1189,1997,982,1497,1013,1187,1083,1466,1372,1059,822,1069,804,961,860,568,587,778,819
70622-1-A.png,1575,1615,2073,1870,2245,1874,2442,1835,2548,1777,2511,1596,2403,1395,2203,1151,1993,944,1530,1035,1246,1146,1607,1486,1130,920,1130,860,1054,965,609,653,845,912
70622-10-A.png,1434,1512,1978,1856,2180,1873,2402,1851,2513,1791,2497,1607,2374,1363,2214,1116,1993,879,1523,954,1165,1030,1535,1429,1037,749,1047,707,921,776,440,413,689,707
70622-2-A.png,1537,1560,2086,1839,2266,1837,2435,1798,2547,1730,2508,1540,2394,1348,2197,1111,1988,909,1512,991,1216,1102,1576,1430,1083,877,1088,833,1005,921,516,635,766,871
70622-3-A.png,1616,1554,2018,1830,2224,1880,2396,1881,2504,1841,2466,1653,2353,1433,2205,1214,2047,1028,1628,1048,1326,1102,1651,1456,1180,848,1189,815,1102,881,655,576,898,823
70622-4-A.png,1529,1534,2048,1807,2267,1818,2439,1777,2543,1709,2509,1533,2386,1332,2172,1079,1971,885,1495,961,1251,1107,1595,1441,1052,825,1058,787,992,872,552,618,791,860
70622-5-A.png,1505,1572,2049,1898,2242,1904,2435,1874,2558,1806,2545,1623,2436,1385,2262,1135,2047,901,1489,925,1158,1010,1539,1408,993,714,1004,676,897,740,487,464,735,738
70622-6-A.png,1493,1554,2020,1878,2223,1898,2409,1872,2526,1804,2495,1597,2399,1387,2176,1078,1976,848,1457,917,1161,1034,1524,1408,1006,748,1017,714,898,791,455,456,703,730
70622-7-A.png,1493,1543,2021,1841,2259,1857,2421,1818,2518,1762,2476,1578,2384,1405,2183,1150,1992,945,1501,978,1201,1063,1521,1393,1088,826,1100,785,1014,863,581,551,796,794
70622-8-A.png,1487,1531,2018,1878,2258,1902,2427,1877,2544,1825,2521,1620,2406,1382,2260,1173,2021,912,1537,972,1234,1068,1522,1388,1067,788,1081,746,1000,838,522,504,784,782
70622-9-A.png,1558,1415,1862,1492,2051,1463,2173,1398,2237,1326,2215,1169,2115,1023,1958,870,1755,739,1335,858,1139,999,1349,1165,856,765,857,727,835,786,614,720,822,891
70822-1-A.png,1757,1463,2054,1501,2243,1453,2368,1372,2426,1285,2379,1142,2263,1016,2068,883,1870,788,1524,956,1338,1120,1573,1263,1004,911,1000,880,981,937,776,908,994,1050
70822-3-A.png,1519,1534,2022,1860,2234,1875,2417,1844,2536,1778,2538,1608,2434,1364,2250,1097,2019,853,1586,959,1252,1040,1604,1441,1120,772,1126,726,1025,809,543,450,801,745
70822-4-A.png,1485,1560,2061,1879,2232,1891,2449,1860,2558,1789,2547,1605,2406,1354,2206,1087,1963,844,1477,951,1191,1073,1510,1407,1051,819,1066,780,959,867,458,538,726,812
70822-5-A.png,1493,1511,1998,1821,2236,1844,2429,1807,2525,1748,2507,1559,2408,1339,2244,1093,2032,863,1528,921,1218,1030,1542,1385,1090,763,1101,716,996,798,538,454,774,741
70822-6-A.png,1493,1509,1971,1859,2205,1905,2422,1896,2547,1849,2537,1644,2395,1390,2191,1090,2042,896,1512,905,1193,981,1539,1386,1068,707,1084,660,982,738,555,421,788,693
70822-7-A.png,1499,1559,2016,1843,2233,1857,2431,1828,2543,1756,2522,1569,2394,1335,2225,1096,2003,877,1533,983,1224,1087,1584,1449,1106,848,1111,809,1003,894,515,603,776,850
70822-8-A.png,1453,1570,2026,1837,2266,1831,2433,1789,2544,1711,2519,1552,2371,1337,2128,1062,1896,853,1471,992,1135,1096,1427,1394,1003,833,1015,797,912,876,471,569,716,845
70822-9-A.png,1942,1096,2405,728,2485,545,2526,354,2512,236,2324,188,2068,201,1783,267,1486,378,1331,874,1331,1167,1723,1049,1062,1170,1030,1139,1050,1273,537,1558,873,1463
7m19cp-A.png,1772,1444,2252,1397,2426,1301,2528,1195,2564,1095,2468,977,2266,851,2043,756,1851,700,1461,1006,1314,1238,1678,1333,1033,1128,1016,1089,1008,1188,489,1218,835,1287
8899-1A.png,1580,1502,2043,1652,2243,1616,2395,1549,2490,1469,2464,1302,2338,1091,2181,914,1993,735,1496,864,1225,1030,1500,1295,1007,755,1016,697,945,801,531,596,775,836
8m19cp-A.png,1842,1307,2242,1246,2422,1132,2514,1022,2541,920,2443,803,2230,697,2010,624,1878,600,1492,894,1365,1114,1699,1205,1137,1021,1097,977,1108,1078,625,1104,930,1176
9m19cp-A.png,1766,1434,2233,1416,2413,1324,2506,1237,2555,1133,2452,1003,2235,878,2037,785,1874,719,1471,969,1300,1186,1653,1308,975,1050,962,1009,945,1102,440,1078,767,1176
BAC84-1-A.png,1467,1344,1936,1330,2134,1243,2249,1152,2319,1045,2211,908,2025,804,1780,715,1536,666,1243,934,1127,1119,1401,1221,856,1011,841,966,825,1059,363,1031,642,1118
BAC84-2-A.png,1518,1548,1979,1737,2182,1725,2342,1673,2453,1602,2400,1423,2275,1238,2049,1038,1832,894,1528,1059,1290,1177,1508,1387,1056,939,1065,904,1001,976,551,755,810,970
BAC84-3-A.png,,,,,,,,,,,,,,,,,,,,,,,,,,,,,,,,,,
BAC85-3-A.png,1635,1506,2147,1563,2335,1498,2472,1409,2546,1307,2456,1143,2307,997,2067,845,1841,748,1458,1005,1290,1188,1539,1332,999,1013,990,967,959,1064,530,978,781,1102
BAC85-4-A.png,1562,1444,2021,1497,2201,1440,2316,1374,2393,1286,2307,1162,2158,1043,1938,924,1691,829,1463,1032,1229,1169,1505,1307,886,991,880,964,862,1035,557,977,787,1096
BlacQ-1A.png,1826,1237,2112,1127,2273,987,2352,862,2372,753,2266,661,2059,594,1859,562,1642,555,1364,881,1252,1120,1553,1138,854,1083,835,1059,847,1116,640,1176,899,1217
BlacQ-2A.png,1842,767,1993,562,2055,382,2055,226,2010,127,1873,102,1669,162,1470,262,1290,388,1237,802,1307,1005,1553,860,1005,1159,977,1141,1014,1197,894,1349,1107,1240
BlacQ-3A.png,1644,1718,2103,1705,2328,1582,2422,1487,2470,1390,2342,1270,2167,1174,1914,1096,1721,1054,1401,1321,1268,1495,1556,1593,999,1399,983,1361,983,1442,577,1439,848,1507
BlacQ-4A.png,1706,1673,1955,1786,2166,1805,2305,1764,2385,1703,2390,1576,2338,1429,2191,1208,2029,1031,1594,1045,1339,1123,1523,1355,1095,794,1109,767,1068,809,848,690,1046,950
BlacQ-6A.png,1694,1083,2052,878,2136,763,2190,640,2188,534,2067,468,1901,448,1675,474,1454,558,1354,848,1289,1066,1552,1023,1006,1102,969,1084,1006,1149,678,1305,933,1258
BlacQ-7A.png,1572,1162,1927,1306,2118,1300,2221,1262,2305,1196,2283,1053,2204,901,2056,720,1862,560,1472,675,1291,776,1509,982,1122,600,1120,554,1085,637,721,458,909,620
BlacQ-8A.png,1786,1275,2240,1055,2351,921,2416,792,2429,678,2294,601,2103,570,1866,571,1582,622,1388,992,1322,1212,1650,1189,1033,1214,1007,1180,1029,1264,636,1398,931,1371
BlacQ-9A.png,1948,1004,2212,891,2351,761,2431,622,2441,516,2336,423,2155,358,1921,341,1709,339,1375,782,1376,909,1687,918,945,896,924,870,943,935,720,1016,1009,1030
Cua10-1A.png,,,,,,,,,,,,,,,,,,,,,,,,,,,,,,,,,,
DZ18-1A.png,1976,921,2294,702,2366,571,2385,441,2363,361,2242,309,2083,301,1866,334,1677,387,1618,685,1593,913,1826,867,1357,933,1322,912,1372,988,912,1223,1186,1155
FCPD18-1-A.png,1710,1092,1959,969,2111,813,2170,682,2176,585,2066,506,1882,456,1656,449,1455,467,1227,799,1130,1038,1452,1023,769,1030,747,1008,767,1064,563,1147,829,1162
FCPD18-2-A.png,,,,,,,,,,,,,,,,,,,,,,,,,,,,,,,,,,
GUA-109-3-A.png,1748,1373,2026,1348,2249,1255,2379,1145,2431,1052,2327,930,2146,831,1953,767,1689,724,1480,946,1299,1146,1613,1243,876,1018,871,986,854,1050,664,1058,851,1131
IX99-1-A.png,1530,1493,1947,1713,2135,1718,2288,1686,2386,1617,2372,1456,2258,1232,2113,1026,1977,870,1535,940,1265,1055,1519,1352,1121,819,1122,769,1057,844,643,602,869,852
IX99-2-A.png,1593,1495,1994,1684,2205,1689,2358,1657,2456,1600,2431,1427,2315,1228,2179,1050,2009,879,1579,954,1308,1068,1549,1329,1090,810,1094,761,1039,843,659,620,869,845
IxhuV-1A.png,1893,1122,2260,919,2401,731,2455,587,2452,473,2328,403,2047,393,1833,393,1630,414,1381,850,1308,1139,1742,1059,1009,1142,979,1107,1001,1210,536,1418,874,1369
LOX98-2-A.png,1506,1644,2023,1895,2245,1907,2409,1873,2528,1804,2522,1597,2428,1381,2208,1083,2020,872,1491,955,1187,1053,1407,1349,955,737,963,668,911,791,436,456,670,736
LOX98-3-A.png,1567,1633,2077,1796,2304,1767,2452,1703,2549,1624,2504,1442,2367,1243,2165,1005,2016,851,1508,978,1198,1153,1478,1414,922,838,927,794,858,892,405,685,670,931
LOX98-4-A.png,1562,1591,2036,1829,2238,1829,2407,1782,2510,1710,2496,1523,2407,1334,2204,1064,1987,827,1508,932,1263,1055,1475,1313,1011,733,1022,680,950,773,488,470,743,746
LOX98-5-A.png,1597,1614,2073,1846,2332,1847,2467,1788,2555,1715,2535,1531,2425,1308,2217,1058,1993,867,1533,988,1290,1110,1523,1374,1022,819,1032,768,975,859,421,558,705,814
LV17-1A.png,898,1851,1350,2322,1575,2382,1721,2378,1825,2329,1876,2116,1854,1865,1765,1585,1630,1323,1135,1280,857,1370,963,1709,643,895,680,858,602,914,255,529,431,884
LV17-2A.png,1483,1368,2122,1579,2349,1516,2488,1424,2556,1325,2489,1131,2314,914,2114,728,1860,556,1390,740,1249,1002,1512,1248,778,639,774,600,753,673,248,505,565,728
LV17-4-A.png,1326,1549,1865,1870,2064,1868,2219,1827,2310,1760,2271,1555,2169,1364,1995,1131,1802,921,1427,1033,1222,1204,1410,1477,889,783,899,739,858,822,467,524,689,823
Mac6Q-2A.png,1797,1464,2232,1398,2416,1280,2513,1166,2547,1067,2440,957,2217,852,1983,798,1735,779,1498,1067,1347,1267,1677,1342,1071,1189,1057,1147,1052,1246,594,1276,897,1336
MacQ-1A.png,1875,1392,2334,1243,2464,1114,2535,984,2560,869,2445,760,2259,702,2003,683,1752,684,1541,1008,1439,1241,1749,1270,1104,1200,1082,1162,1085,1264,662,1348,952,1374
Mor09-1A.png,,,,,,,,,,,,,,,,,,,,,,,,,,,,,,,,,,
Naxa-2A.png,1946,1240,2361,1003,2478,842,2539,687,2545,571,2404,489,2152,456,1904,453,1646,487,1396,932,1332,1217,1766,1161,962,1239,937,1201,963,1299,504,1501,899,1450
Naxa-3A.png,1935,1081,2375,733,2485,511,2503,364,2476,246,2295,185,2039,175,1779,202,1500,283,1311,835,1321,1158,1713,1053,901,1232,871,1208,915,1307,505,1583,833,1484
Naxa-4A.png,1602,1581,2121,1788,2332,1758,2451,1706,2541,1638,2512,1461,2395,1233,2243,1029,2069,839,1482,897,1226,1068,1472,1339,992,783,997,726,944,816,485,587,743,837
NAY6573-1-A.png,1631,1575,2125,1804,2312,1803,2441,1764,2540,1698,2523,1530,2401,1299,2267,1107,2103,922,1569,967,1308,1092,1560,1378,1107,832,1129,780,1057,866,628,620,856,854
NAY6573-12-A.png,1497,1464,2012,1477,2213,1393,2360,1286,2417,1196,2327,1037,2144,886,1882,744,1571,634,1245,917,977,1120,1362,1284,668,962,647,914,629,1021,158,941,474,1085
NAY6573-13-A.png,1489,1472,1981,1700,2207,1694,2345,1646,2437,1585,2420,1409,2312,1207,2151,1011,1921,810,1520,940,1221,1022,1432,1265,990,760,997,716,939,793,504,546,740,779
NAY6573-15-A.png,1459,1482,1918,1684,2138,1691,2314,1648,2418,1578,2384,1392,2260,1187,2061,976,1864,812,1430,929,1181,1034,1415,1286,952,773,976,728,905,806,482,565,716,796
NAY6573-18-A.png,1561,1663,2111,1922,2349,1907,2466,1867,2570,1794,2565,1634,2459,1409,2323,1187,2147,945,1517,936,1197,1056,1450,1383,986,721,1000,673,923,761,467,457,727,774
NAY6573-19-A.png,1552,1542,1991,1721,2202,1715,2346,1666,2441,1595,2416,1406,2318,1227,2136,1019,1878,834,1527,1002,1274,1115,1529,1359,1025,852,1017,796,975,896,552,674,795,889
NAY6573-21-A.png,1492,1557,2000,1784,2203,1778,2353,1731,2450,1659,2426,1477,2324,1285,2151,1069,1915,851,1509,991,1234,1100,1496,1377,989,836,1014,785,941,874,488,634,731,852
NAY6573-3-A.png,1653,1490,2135,1528,2312,1469,2474,1372,2543,1274,2461,1115,2311,978,2069,823,1830,710,1478,949,1222,1124,1567,1305,961,949,950,891,922,994,394,871,694,1032
NAY6573-4-A.png,1766,1204,2255,1129,2411,1011,2508,878,2547,773,2430,650,2206,544,1947,481,1730,461,1469,791,1370,1006,1696,1081,1081,932,1041,891,1064,988,573,1037,841,1086
NAY6573-7-A.png,1511,1632,1930,1852,2158,1862,2298,1825,2407,1767,2419,1612,2319,1386,2163,1125,2005,950,1436,982,1220,1112,1401,1369,1017,817,1037,770,974,862,546,568,840,924
NAY98-15-A.png,1580,1693,2066,1915,2302,1894,2430,1856,2543,1804,2536,1597,2430,1374,2307,1160,2143,959,1519,1000,1240,1152,1494,1445,1031,843,1048,789,969,878,510,605,782,907
NAY98-17-A.png,1546,1242,2037,1266,2218,1195,2368,1095,2449,999,2350,861,2154,724,1921,603,1658,511,1368,775,1187,955,1430,1078,857,800,851,760,801,857,305,799,591,899
NAY98-18-A.png,1639,1666,2103,1831,2336,1810,2479,1751,2568,1677,2538,1511,2399,1282,2248,1094,2040,897,1490,974,1211,1134,1515,1423,973,854,979,796,918,891,454,665,718,914
NAY98-20-A.png,1417,1475,1966,1716,2171,1704,2320,1647,2419,1568,2392,1388,2277,1191,2063,972,1828,794,1485,967,1234,1091,1440,1326,902,773,903,719,853,807,406,578,647,803
NAY98-21-A.png,1685,1422,2122,1528,2327,1489,2484,1416,2557,1339,2506,1168,2358,985,2147,827,1834,673,1557,911,1373,1076,1634,1250,1062,874,1071,819,1031,927,540,792,795,937
NAY98-22-A.png,1583,1578,2032,1731,2221,1705,2342,1650,2434,1563,2407,1399,2297,1213,2162,1056,1909,870,1551,1042,1314,1186,1558,1403,991,894,982,839,941,937,543,760,769,947
NAY98-3-A.png,1383,1526,1792,1770,2046,1791,2192,1769,2293,1720,2302,1545,2215,1316,2050,1050,1872,853,1453,942,1170,1036,1311,1243,927,688,943,628,869,713,447,394,649,656
NAY98-5-A.png,1650,1674,2114,1920,2337,1912,2460,1864,2551,1796,2549,1631,2445,1402,2309,1184,2172,1022,1652,1075,1358,1187,1610,1498,1162,892,1175,845,1097,913,618,627,872,881
NAY98-8-A.png,1567,1655,2059,1892,2297,1882,2417,1849,2530,1781,2549,1613,2425,1342,2226,1056,2144,957,1430,844,1227,1038,1446,1352,1059,727,1084,657,1004,757,554,427,799,756
NAY98-9-A.png,1563,1627,2042,1899,2287,1909,2423,1876,2542,1809,2538,1648,2455,1410,2314,1125,2172,909,1530,873,1191,984,1452,1329,956,624,982,577,891,661,433,338,756,729
NayXT-2A.png,,,,,,,,,,,,,,,,,,,,,,,,,,,,,,,,,,
NayXT-4A.png,1371,1580,1837,1836,2035,1843,2192,1805,2302,1737,2273,1550,2178,1347,2028,1153,1812,959,1386,1065,1164,1173,1349,1406,910,875,918,827,860,897,512,664,708,876
NayXT-5A.png,1795,972,2239,695,2366,483,2405,331,2393,236,2240,159,1990,143,1717,177,1445,258,1317,668,1244,947,1603,897,901,991,872,956,908,1047,512,1245,774,1206
NayXT-6A.png,2030,991,2438,632,2510,441,2522,301,2492,175,2346,121,2087,131,1845,169,1607,243,1419,776,1435,1083,1839,957,1107,1142,1064,1107,1122,1216,668,1491,1022,1379
NayXT-7A.png,1805,1395,2283,1162,2390,1019,2444,868,2453,739,2303,647,2100,603,1844,594,1545,642,1373,1049,1286,1321,1648,1297,926,1333,888,1292,903,1404,473,1586,787,1550
NicQ-1A.png,1606,1484,2041,1684,2283,1696,2437,1647,2529,1576,2506,1398,2377,1204,2199,1009,1956,819,1592,958,1370,1076,1573,1294,1157,832,1163,782,1107,868,674,609,887,818
NicQ-2A.png,1538,936,1846,561,1894,377,1892,177,1840,76,1678,101,1485,192,1275,311,1077,468,1120,803,1158,1036,1417,890,859,1201,816,1182,875,1248,562,1560,826,1399
NicQ-3A.png,1986,1039,2361,679,2448,474,2467,331,2436,196,2249,153,2023,183,1765,266,1489,402,1418,886,1417,1157,1747,1020,1109,1262,1062,1240,1124,1325,775,1606,1070,1476
NicQ-4A.png,1800,1259,2244,1222,2424,1122,2512,1035,2572,920,2477,778,2293,679,2053,599,1740,550,1502,839,1324,1027,1647,1118,1057,927,1041,885,1043,982,618,980,919,1066
NicQ-5A.png,1842,1145,2323,953,2470,794,2539,647,2551,543,2420,450,2198,400,1953,386,1703,407,1489,787,1401,1029,1693,1033,1091,1018,1056,976,1088,1074,675,1196,972,1185
NicQ-6A.png,1540,1480,2030,1639,2273,1605,2418,1553,2516,1468,2468,1314,2294,1109,2102,930,1874,765,1396,913,1170,1037,1451,1261,939,822,943,766,906,869,435,661,745,887
NicQ-7a1.png,1497,1558,1920,1743,2152,1737,2323,1694,2439,1619,2385,1427,2259,1230,2059,1029,1828,854,1414,994,1164,1099,1424,1337,937,874,936,822,895,913,466,700,696,896
OAX531C-3-A.png,1570,1539,2001,1844,2226,1882,2387,1856,2499,1804,2527,1626,2473,1359,2382,1116,2268,875,1669,843,1348,961,1548,1315,1184,597,1214,541,1122,637,740,272,922,609
Oax60-2-M-A.png,1751,1373,2090,1362,2194,1327,2324,1253,2382,1185,2303,1067,2162,977,1972,902,1766,861,1532,1029,1381,1183,1651,1269,1028,1064,1015,1037,1009,1093,803,1083,1023,1164
Oax60-3-H-A.png,1823,1304,2132,1225,2333,1109,2446,980,2489,875,2384,780,2182,713,1968,677,1705,680,1448,961,1341,1182,1684,1204,947,1134,911,1102,939,1171,683,1219,908,1249
Oax60-4-H-A.png,1805,1251,2126,1250,2337,1191,2465,1089,2517,1009,2432,888,2275,784,2095,719,1799,671,1545,874,1435,1056,1722,1141,999,932,979,897,982,960,755,954,978,1035
Oax60-5-M-A.png,1697,1287,1934,1288,2116,1249,2243,1178,2308,1104,2227,1006,2065,909,1907,852,1731,813,1478,953,1360,1097,1554,1174,1003,974,992,948,994,994,811,976,987,1050
Oax60-6-M-A.png,1388,1217,1669,1291,1905,1283,2053,1241,2138,1170,2065,1037,1931,922,1770,826,1560,739,1290,852,1110,972,1356,1109,807,789,797,758,787,816,573,755,730,856
Oax61-1-X-A.png,1644,1255,1872,1256,2018,1222,2158,1155,2221,1072,2116,963,1960,890,1795,837,1589,800,1452,946,1320,1090,1594,1169,983,978,974,951,973,1003,774,990,924,1048
Oax62-1-M-A.png,1720,1196,1965,1133,2147,1022,2242,916,2278,822,2159,736,1973,694,1803,684,1544,708,1419,918,1358,1108,1609,1125,949,1090,925,1067,954,1120,736,1168,929,1180
Oax62-2-H-A.png,1751,1352,2031,1367,2238,1321,2373,1233,2423,1156,2329,1029,2169,924,1995,842,1791,784,1525,949,1378,1113,1632,1225,1009,949,994,913,990,974,786,953,953,1040
Oax62-3-M-A.png,1508,1244,1800,1208,1971,1130,2081,1034,2129,946,2013,850,1849,787,1665,755,1435,748,1265,949,1136,1130,1401,1166,788,1078,771,1055,779,1102,548,1132,729,1160
Oax62-5-M-A.png,,,,,,,,,,,,,,,,,,,,,,,,,,,,,,,,,,
Oax62-8-M-A.png,1703,1220,1943,1129,2125,997,2213,870,2226,778,2094,708,1911,685,1727,691,1477,746,1366,975,1325,1171,1564,1158,953,1193,930,1168,952,1220,753,1288,938,1278
Oax63-1-x-A.png,1436,1224,1709,1251,1893,1213,2046,1142,2114,1080,2026,960,1868,872,1676,795,1485,752,1334,907,1136,1052,1450,1150,814,937,799,904,799,963,597,948,772,1019
Oax63-2-x-A.png,1359,1372,1704,1441,1952,1414,2095,1354,2190,1266,2126,1132,2001,992,1803,850,1565,727,1170,872,953,1018,1242,1190,577,781,565,744,554,808,337,757,516,880
Oax63-4-x-A.png,1767,1348,2068,1335,2278,1271,2417,1174,2477,1084,2379,965,2212,866,2025,801,1774,751,1478,963,1356,1149,1655,1230,931,1030,925,999,912,1056,712,1061,925,1133
Oax64-1-M-A.png,1585,1193,1851,1192,2039,1142,2158,1071,2225,987,2126,885,1973,804,1797,750,1576,722,1425,887,1268,1038,1559,1112,936,955,932,928,922,977,729,978,892,1031
Oax64-2-M-A.png,1671,1192,1955,1165,2174,1083,2301,993,2359,906,2240,790,2082,717,1884,658,1630,629,1421,839,1279,1021,1578,1091,841,932,830,904,829,955,636,975,836,1029
Oax65-1-H-A.png,1646,1316,1984,1285,2175,1202,2296,1097,2348,1003,2243,896,2097,819,1881,756,1610,729,1333,958,1241,1147,1563,1214,851,1054,833,1017,838,1090,637,1094,833,1159
Oax65-3-H-A.png,1791,1457,2089,1424,2286,1344,2448,1216,2497,1105,2361,989,2193,917,1964,853,1703,822,1439,1058,1285,1253,1645,1337,879,1133,860,1102,857,1167,617,1162,837,1240
Oax65-4-H-A.png,1745,1267,2008,1219,2163,1153,2285,1053,2335,958,2234,869,2086,794,1920,746,1710,716,1442,927,1335,1099,1659,1159,970,1017,942,984,964,1046,735,1041,924,1101
Oax66-1-H-A.png,1670,1394,1983,1361,2229,1249,2327,1140,2372,1045,2253,914,2074,817,1856,753,1653,718,1354,972,1215,1188,1492,1266,785,1072,767,1036,774,1103,558,1112,759,1187
Oax66-2-M-A.png,1681,1363,1953,1371,2168,1324,2326,1249,2395,1169,2304,1039,2140,935,1966,858,1737,800,1422,962,1267,1129,1549,1236,892,971,883,937,876,997,656,971,850,1058
Oax66-3-M-A.png,1516,1359,1768,1380,1957,1348,2109,1273,2182,1193,2105,1062,1946,948,1785,877,1599,821,1325,981,1189,1144,1411,1243,827,988,815,954,803,1016,582,980,759,1067
Oax66-4-H-A.png,1767,1372,2071,1353,2292,1260,2437,1143,2493,1050,2375,929,2202,843,1977,775,1730,734,1469,969,1355,1172,1678,1263,921,1048,911,1016,909,1084,670,1090,864,1154
Oax66-5-M-A.png,1767,1255,2028,1243,2246,1180,2382,1081,2440,993,2343,876,2183,786,1977,722,1759,694,1474,899,1339,1070,1647,1144,990,975,973,947,975,1001,749,1000,940,1063
Oax66-6-M-A.png,1621,1052,1923,1035,2066,983,2226,887,2285,789,2174,685,2000,613,1833,572,1579,548,1442,741,1303,911,1589,966,900,840,883,817,894,865,689,883,871,926
Oax67-1-X-A.png,1713,1415,2011,1417,2240,1346,2369,1246,2434,1145,2321,1009,2180,908,1982,830,1726,779,1436,998,1321,1191,1615,1283,856,1041,837,1006,845,1074,634,1065,814,1140
Oax68-1-H-A.png,1730,1396,2019,1445,2221,1420,2365,1355,2441,1274,2359,1124,2213,999,2080,907,1824,797,1519,946,1357,1104,1647,1252,999,915,989,877,967,943,711,884,916,991
Oax68-2-H-A.png,1571,1295,1859,1289,2101,1224,2235,1136,2290,1051,2204,926,2024,824,1834,751,1563,690,1331,900,1190,1087,1510,1184,805,959,796,925,787,989,566,994,750,1060
Oax68-3-H-A.png,1766,1334,2050,1308,2259,1230,2381,1134,2436,1041,2347,932,2183,834,1992,767,1747,716,1388,940,1298,1122,1608,1206,913,1006,901,969,902,1037,662,1027,873,1101
Oax68-4-H-A.png,1511,1299,1742,1309,1952,1271,2083,1199,2145,1131,2072,1015,1949,921,1774,832,1566,758,1306,914,1144,1062,1431,1178,768,909,761,877,761,934,568,908,746,999
Oax68-5-M-A.png,1596,1231,1897,1254,2135,1207,2265,1135,2335,1057,2239,946,2065,848,1888,780,1662,735,1437,903,1299,1053,1538,1138,951,931,938,901,933,956,710,935,908,1017
Oax68-6-H-A.png,1677,1358,1933,1402,2145,1377,2308,1303,2368,1225,2294,1095,2149,981,1974,892,1772,818,1486,962,1365,1116,1615,1236,1031,960,1018,922,1016,986,787,948,969,1035
Oax68-7-H-A.png,1551,1188,1823,1179,1989,1132,2120,1053,2169,980,2069,883,1912,807,1775,765,1570,734,1406,893,1239,1043,1547,1107,859,949,845,923,851,972,665,974,831,1029
Oax68-8-H-A.png,1462,1268,1726,1307,1901,1289,2067,1220,2132,1145,2053,1020,1914,938,1734,838,1533,767,1324,905,1152,1039,1405,1162,820,878,805,844,804,904,602,873,779,975
Oax68-9-H-A.png,1626,1077,1844,989,2000,878,2108,739,2134,640,1980,577,1800,552,1621,553,1419,587,1263,828,1196,1036,1526,1005,815,1058,797,1038,805,1088,624,1148,815,1151
Oax69-1-X-A.png,1640,1263,1932,1294,2174,1255,2314,1166,2378,1085,2285,949,2148,839,1926,742,1706,676,1426,849,1256,1017,1554,1138,868,849,861,818,847,869,592,837,835,951
Oax69-2-X-A.png,1681,1390,2005,1412,2209,1370,2362,1280,2428,1186,2337,1055,2157,940,1988,867,1733,793,1425,981,1288,1149,1578,1259,956,1007,941,970,943,1038,719,1020,912,1107
Oax70-1-X-A.png,1746,1250,2032,1192,2223,1084,2329,967,2358,879,2262,780,2075,704,1898,673,1677,665,1367,922,1312,1116,1593,1154,905,1052,889,1023,892,1085,658,1110,869,1156
Oax71-1-M-A.png,1578,1248,1843,1233,2010,1174,2131,1081,2181,1001,2063,901,1926,841,1733,793,1523,770,1390,931,1265,1092,1555,1164,936,994,923,965,928,1020,733,1024,896,1077
Oax71-2-H-A.png,1689,1376,2035,1387,2286,1323,2438,1224,2509,1133,2427,1000,2243,874,2046,789,1755,726,1473,945,1285,1131,1622,1251,874,982,867,945,850,1008,633,1006,838,1089
Oax71-3-M-A.png,1518,1252,1785,1287,1996,1253,2129,1183,2198,1104,2109,981,1940,862,1790,787,1556,711,1364,867,1194,1013,1431,1130,868,861,862,831,842,886,628,854,794,938
Oax71-4-M-A.png,1785,1095,2050,987,2203,876,2304,743,2319,648,2183,590,1996,579,1792,604,1569,671,1556,846,1454,1061,1721,1034,1089,1101,1072,1078,1076,1135,866,1214,1053,1205
Oax71-6-H-A.png,1677,1295,1987,1309,2236,1242,2383,1149,2452,1056,2363,937,2176,823,1968,746,1726,691,1426,887,1300,1067,1587,1171,886,924,859,884,870,954,639,932,822,1017
Oax71-7-M-A.png,1841,1210,2099,1132,2285,1007,2368,900,2403,796,2274,710,2116,665,1910,644,1683,650,1446,926,1391,1117,1711,1132,1018,1103,995,1074,1010,1131,820,1177,1003,1200
Oax71-8-H-A.png,1806,1281,2026,1189,2191,1069,2289,954,2321,861,2204,790,2036,761,1848,761,1616,788,1471,1024,1433,1213,1654,1210,1029,1230,1004,1199,1033,1262,818,1318,1004,1322
Oax72-1-X-A.png,1609,1215,1918,1248,2112,1204,2267,1121,2336,1039,2241,915,2083,816,1912,744,1679,681,1492,854,1297,1018,1627,1132,898,866,879,832,870,891,684,883,867,958
Oax72-2-X-A.png,1463,1348,1732,1307,1914,1224,2019,1132,2068,1046,1957,947,1797,887,1626,852,1409,849,1211,1047,1092,1218,1316,1254,739,1161,725,1141,729,1186,542,1216,731,1249
OAXC531-1-A.png,1507,1567,2049,1748,2281,1702,2411,1640,2497,1558,2477,1408,2355,1239,2186,1042,2006,875,1528,992,1247,1131,1497,1377,1042,881,1038,816,992,918,586,723,822,947
OAXC531-10-A.png,1584,1623,2103,1847,2335,1826,2458,1776,2544,1710,2532,1538,2434,1332,2248,1078,2026,865,1582,1116,1281,1141,1520,1391,1133,914,1101,825,1082,969,470,611,780,906
OAXC531-11-A.png,1592,1647,2058,1857,2273,1840,2423,1798,2511,1735,2493,1570,2414,1381,2218,1099,2033,887,1499,971,1234,1108,1512,1407,1110,886,1098,804,1053,941,496,603,833,953
OAXC531-13-A.png,1620,1673,2118,1901,2330,1893,2453,1851,2537,1790,2536,1656,2447,1436,2265,1163,2097,964,1560,1000,1311,1127,1532,1406,1131,848,1148,795,1065,898,529,531,819,855
OAXC531-14-A.png,1630,1411,2156,1423,2353,1322,2437,1236,2501,1142,2402,997,2250,858,1995,714,1762,614,1424,866,1164,1076,1515,1235,923,915,907,855,896,985,255,873,584,1013
OAXC531-17-A.png,1364,1413,1864,1608,2051,1584,2196,1530,2279,1468,2244,1337,2141,1192,1970,1013,1781,847,1367,920,1132,1036,1375,1269,930,808,936,757,895,851,533,646,732,835
OAXC531-18-A.png,1589,1620,2021,1851,2246,1858,2416,1820,2507,1762,2504,1606,2399,1373,2194,1154,2009,927,1441,914,1248,1041,1496,1345,1116,820,1116,751,1067,873,508,470,793,783
OAXC531-2-A.png,1579,1535,2126,1680,2309,1658,2432,1607,2514,1537,2493,1390,2389,1224,2197,1000,1961,802,1437,909,1247,1093,1496,1318,1007,816,993,748,963,875,391,559,701,846
OAXC531-29-A.png,1532,1364,2084,1344,2266,1262,2374,1160,2420,1042,2341,926,2174,825,1961,736,1698,661,1430,920,1231,1130,1504,1237,969,996,945,947,931,1047,527,1031,772,1121
OAXC531-30-A.png,1483,1513,2068,1684,2268,1639,2428,1565,2497,1488,2455,1352,2324,1200,2138,1023,1909,862,1446,1000,1237,1165,1465,1363,968,916,970,870,921,954,524,776,763,973
OAXC531-35-A.png,1401,1451,1867,1651,2085,1640,2247,1586,2316,1529,2306,1368,2209,1160,2045,936,1838,740,1327,833,1085,985,1321,1225,932,761,924,696,860,805,440,583,629,783
OAXC531-4-A.png,1582,1448,2189,1483,2350,1398,2482,1294,2534,1206,2476,1081,2323,938,2108,800,1852,680,1422,916,1243,1119,1494,1266,967,929,950,876,943,978,518,892,795,1052
OAXC531-5-A.png,1985,1004,2441,674,2548,482,2576,316,2556,217,2419,156,2226,147,1948,206,1682,302,1608,705,1571,1021,1905,918,1229,1078,1183,1046,1243,1139,811,1400,1118,1309
OAXC531-6-A.png,1554,1631,2048,1863,2262,1846,2393,1805,2476,1723,2470,1561,2374,1388,2197,1158,1975,903,1489,967,1230,1097,1448,1370,1098,854,1105,791,1043,891,484,486,757,820
OAXC531-7-A.png,1457,1507,2068,1723,2256,1683,2412,1617,2488,1540,2491,1412,2406,1222,2223,1001,1993,788,1480,912,1208,1066,1445,1313,977,793,984,737,925,832,513,626,770,875
OAXC531-9-A.png,1469,1579,2007,1813,2242,1787,2393,1728,2469,1658,2460,1498,2363,1284,2179,1037,1931,805,1413,923,1171,1085,1445,1371,994,832,989,751,949,881,389,533,653,812
OAXCH8-1-A.png,1484,1620,2036,1901,2306,1911,2451,1876,2551,1832,2535,1635,2416,1408,2232,1143,1982,893,1528,1013,1212,1097,1447,1389,975,793,986,732,922,824,498,535,725,800
OAXCH8-2-A.png,1421,1502,1880,1669,2130,1649,2270,1580,2348,1501,2316,1342,2191,1142,2007,944,1779,758,1332,908,1093,1035,1324,1271,868,788,863,730,822,840,386,613,647,850
OAXCH8-7-A.png,1533,1622,2048,1778,2260,1746,2396,1678,2493,1599,2446,1401,2349,1218,2155,979,1894,773,1427,947,1116,1059,1399,1334,895,816,902,753,850,860,367,612,615,823
OAXCH8-8-A.png,1507,1611,2039,1848,2265,1840,2424,1783,2514,1712,2493,1526,2408,1323,2220,1057,2010,851,1486,976,1207,1092,1436,1352,985,811,989,745,928,855,468,583,731,851
OAXLV-1-A.png,,,,,,,,,,,,,,,,,,,,,,,,,,,,,,,,,,
OaxSJ-1A.png,1542,1455,2096,1558,2292,1498,2430,1413,2528,1306,2479,1126,2332,927,2107,724,1867,556,1459,673,1086,973,1407,1206,819,732,815,672,754,779,266,615,601,853
OaxSJ-2A.png,1585,1572,2071,1851,2310,1857,2479,1813,2567,1745,2565,1572,2477,1340,2299,1060,2113,849,1613,934,1340,1040,1561,1338,1086,691,1098,639,1036,735,606,421,840,716
PB104-1-A.png,1793,1439,2048,1420,2240,1340,2341,1242,2395,1151,2302,1019,2149,913,1943,835,1753,789,1399,1025,1243,1212,1523,1292,908,1095,901,1063,891,1133,665,1148,897,1222
PB104-2-A.png,,,,,,,,,,,,,,,,,,,,,,,,,,,,,,,,,,
PB104-4-A.png,,,,,,,,,,,,,,,,,,,,,,,,,,,,,,,,,,
PB97-1-A.png,1545,1566,1914,1819,2134,1845,2270,1822,2383,1766,2409,1598,2330,1328,2226,1097,2131,916,1590,906,1305,1011,1514,1346,1118,676,1133,638,1037,692,641,387,862,699
PB97-2-A.png,1627,1288,2063,1300,2292,1208,2403,1125,2458,1021,2359,888,2187,768,1989,676,1733,600,1444,861,1318,1048,1572,1164,967,901,955,858,942,954,552,912,800,1007
PB97-3-A.png,1711,1256,2152,1185,2318,1081,2420,976,2463,875,2354,764,2151,677,1919,627,1659,605,1476,869,1312,1060,1615,1130,1037,976,999,942,1032,1025,676,1047,899,1105
PM103-1-A.png,1670,1396,2099,1404,2310,1321,2416,1249,2498,1132,2391,1010,2219,903,1995,814,1725,751,1465,989,1321,1160,1592,1263,984,1029,966,991,967,1074,586,1047,848,1134
PM103-2-A.png,,,,,,,,,,,,,,,,,,,,,,,,,,,,,,,,,,
PM103-3-A.png,1440,1438,1851,1613,2069,1618,2231,1571,2328,1499,2290,1314,2168,1135,2001,967,1795,819,1427,952,1222,1075,1418,1275,934,804,939,755,878,833,463,622,702,834
PM103-5-A.png,1442,1288,1761,1373,1949,1350,2065,1306,2158,1243,2098,1107,1988,978,1836,855,1642,736,1347,879,1177,986,1370,1133,926,807,929,771,883,829,545,701,786,857
PM103-7-A.png,1605,1395,2064,1449,2274,1382,2399,1309,2488,1214,2379,1050,2206,905,1992,759,1730,647,1455,892,1260,1065,1539,1233,885,861,881,818,861,909,436,811,684,948
QR1417-1A.png,1871,1065,2454,680,2541,464,2543,305,2511,179,2328,101,2086,72,1720,106,1390,195,1337,640,1336,1003,1739,973,834,1069,800,1039,852,1130,365,1392,762,1309
QR21-1A.png,1558,1432,1998,1504,2193,1451,2311,1382,2388,1298,2322,1144,2198,1008,1987,865,1721,735,1407,939,1196,1083,1450,1248,939,899,939,854,907,942,500,821,771,983
QR21-2A.png,1892,1029,2230,720,2322,525,2349,384,2324,265,2171,238,1972,257,1741,333,1499,450,1413,871,1443,1082,1699,991,1148,1181,1107,1159,1168,1228,829,1477,1104,1371
QR21-3A.png,1133,1266,1471,1520,1662,1576,1820,1574,1926,1543,1939,1379,1873,1191,1743,961,1605,774,1204,767,967,794,1141,1076,845,553,861,510,798,557,470,238,658,538
QR21-4A.png,1704,1130,2191,1115,2388,1020,2503,912,2555,804,2472,669,2305,553,2049,445,1766,376,1432,665,1265,862,1566,972,961,742,941,695,937,793,475,756,812,866
QR21-5A.png,1606,1454,2043,1439,2226,1355,2339,1261,2395,1154,2300,1024,2109,916,1893,831,1660,778,1353,1030,1182,1199,1477,1299,929,1101,895,1058,912,1152,448,1121,739,1206
QR6721-A.png,1638,1306,2048,1317,2242,1245,2360,1147,2401,1078,2330,949,2182,841,1974,742,1758,676,1415,890,1300,1049,1501,1145,998,918,982,874,979,951,684,913,867,1002
QR6760-3-A.png,1516,1283,1877,1342,2099,1287,2212,1218,2285,1134,2243,995,2105,860,1898,732,1673,632,1278,811,1151,968,1388,1103,874,800,869,764,852,836,564,778,759,892
QRSOL-1-A.png,1456,1534,2017,1855,2269,1854,2423,1800,2521,1723,2503,1512,2399,1269,2177,987,1995,799,1571,948,1288,1122,1532,1430,950,735,954,684,912,777,449,541,727,807
QRSOL-2-A.png,1614,1335,2114,1321,2333,1208,2437,1103,2490,998,2384,863,2167,748,1920,657,1625,616,1391,907,1262,1105,1532,1198,903,996,891,953,880,1043,477,1055,734,1113
QRSOL-3-A.png,1596,1624,2040,1800,2240,1788,2382,1741,2469,1668,2462,1535,2347,1296,2194,1078,2061,929,1582,984,1274,1111,1531,1410,1052,794,1066,751,979,835,557,563,786,817
QUET99-1-A.png,1520,1656,2026,1890,2284,1888,2426,1844,2537,1777,2518,1585,2404,1350,2257,1081,2119,894,1472,886,1163,1035,1427,1380,984,746,1001,676,932,792,391,465,678,771
QUET99-2-A.png,1544,1720,2078,1905,2297,1872,2425,1817,2527,1729,2513,1576,2374,1314,2208,1081,2031,894,1468,987,1133,1143,1456,1478,924,844,938,783,857,882,411,653,693,951
SilQ-1A.png,1891,1145,2307,925,2452,743,2523,606,2540,471,2383,391,2183,367,1873,382,1636,424,1395,856,1324,1102,1668,1069,979,1135,942,1110,977,1188,584,1351,934,1305
SilQ-2A.png,1543,1507,1974,1709,2167,1705,2302,1672,2426,1594,2393,1395,2294,1206,2161,1031,1924,831,1550,965,1283,1076,1523,1334,1077,819,1087,773,1022,857,564,601,825,846
SilQ-3A.png,1989,1229,2374,953,2494,758,2543,605,2557,470,2371,409,2153,405,1895,444,1571,556,1444,1001,1384,1274,1729,1193,1076,1320,1028,1295,1081,1383,685,1607,1009,1515
SilQ-4A.png,1291,1379,1696,1616,1930,1647,2063,1619,2170,1565,2158,1368,2062,1167,1927,970,1736,769,1311,840,1062,905,1256,1162,907,671,908,611,866,719,482,453,678,667
SilQ-5A.png,1476,1370,1902,1540,2091,1533,2259,1490,2362,1426,2307,1252,2181,1083,2007,912,1780,743,1398,868,1154,961,1442,1202,929,740,928,696,893,780,496,592,708,767
SilQ-6A.png,1540,1524,1863,1781,2077,1839,2199,1838,2301,1804,2300,1624,2236,1425,2109,1212,1928,998,1630,1075,1384,1089,1548,1344,1223,840,1229,800,1176,859,845,596,1013,814
SilQ-7A.png,1609,1124,2053,894,2161,747,2235,570,2233,460,2089,369,1878,341,1631,357,1345,422,1220,797,1182,1042,1495,1020,870,1062,838,1022,881,1125,415,1315,698,1270
SolfQ-3A.png,1771,1635,2292,1549,2451,1437,2548,1319,2576,1217,2480,1101,2283,989,2011,915,1730,885,1473,1196,1300,1409,1576,1488,950,1310,928,1286,925,1369,440,1394,794,1467
SolfQ-4A.png,1768,1126,2198,994,2398,826,2482,680,2508,573,2351,479,2160,422,1867,392,1596,401,1359,766,1256,995,1563,1018,879,966,862,932,871,1015,472,1110,783,1118
SolfQ-5A.png,1585,1158,2047,1239,2236,1192,2387,1121,2482,1030,2377,862,2205,710,1948,556,1715,457,1432,672,1216,819,1483,982,976,649,959,598,947,695,525,584,772,725
SolfQ-8A.png,2092,1004,2423,694,2508,495,2519,363,2495,262,2364,207,2134,206,1853,255,1624,322,1447,821,1470,1114,1826,1009,1122,1181,1084,1152,1122,1257,706,1559,1087,1426
SolfQ-9A.png,1546,1304,1999,1381,2259,1323,2369,1260,2459,1166,2383,1010,2202,858,1997,722,1737,592,1419,781,1148,913,1400,1091,900,714,893,668,861,757,426,590,700,771
Tab00-2A.png,953,1270,1262,1473,1409,1490,1545,1473,1620,1432,1638,1295,1596,1155,1487,961,1342,791,1043,848,824,880,971,1109,662,638,675,604,634,662,401,468,524,653
Tab00-4A.png,,,,,,,,,,,,,,,,,,,,,,,,,,,,,,,,,,
Tab00-5A.png,1488,1425,1673,1701,1797,1784,1903,1815,1982,1806,2035,1691,2028,1548,1982,1385,1896,1208,1666,1168,1486,1140,1534,1320,1425,902,1443,879,1390,904,1253,689,1306,866
TAB03-1-A.png,1432,1552,1975,1834,2242,1862,2442,1823,2549,1754,2504,1574,2368,1353,2142,1088,1912,874,1451,964,1094,1045,1437,1380,931,794,943,751,841,831,388,544,642,793
TAB03-2-A.png,1476,1448,2014,1687,2246,1689,2426,1646,2532,1578,2452,1384,2319,1214,2084,987,1842,810,1458,947,1184,1064,1537,1344,999,829,1005,794,929,871,516,665,729,851
VER99-2-A.png,1969,1037,2341,820,2457,624,2488,484,2468,368,2334,304,2095,283,1826,301,1651,338,1470,786,1496,1047,1879,962,1145,1093,1116,1058,1157,1155,711,1414,1056,1327
VER99-3-A.png,1639,1645,2078,1800,2294,1777,2443,1724,2539,1643,2514,1479,2380,1263,2213,1042,2082,904,1578,998,1331,1167,1594,1441,1107,888,1103,831,1057,912,614,679,852,919
